<?xml version="1.0" encoding="UTF-8"?>
<project-private xmlns="http://www.netbeans.org/ns/project-private/1">
    <editor-bookmarks xmlns="http://www.netbeans.org/ns/editor-bookmarks/2" lastBookmarkId="0"/>
    <open-files xmlns="http://www.netbeans.org/ns/projectui-open-files/2">
        <group>
            <file>file:/C:/Users/Evan/Documents/NetBeansProjects/CARS/src/MAIN/SIGN_IN.java</file>
            <file>file:/C:/Users/Evan/Documents/NetBeansProjects/CARS/src/MAIN/BOOKING.java</file>
            <file>file:/C:/Users/Evan/Documents/NetBeansProjects/CARS/src/MAIN/UNBOOK.java</file>
            <file>file:/C:/Users/Evan/Documents/NetBeansProjects/CARS/src/MAIN/MOII.java</file>
            <file>file:/C:/Users/Evan/Documents/NetBeansProjects/CARS/src/MAIN/Tom.java</file>
            <file>file:/C:/Users/Evan/Documents/NetBeansProjects/CARS/src/MAIN/DRIVER.java</file>
            <file>file:/C:/Users/Evan/Documents/NetBeansProjects/CARS/src/MAIN/SIGN_UP.java</file>
            <file>file:/C:/Users/Evan/Documents/NetBeansProjects/CARS/src/MAIN/B.java</file>
            <file>file:/C:/Users/Evan/Documents/NetBeansProjects/CARS/src/MAIN/BOOKING1.java</file>
            <file>file:/C:/Users/Evan/Documents/NetBeansProjects/CARS/src/MAIN/TEXT.java</file>
            <file>file:/C:/Users/Evan/Documents/NetBeansProjects/CARS/src/MAIN/Admin.java</file>
            <file>file:/C:/Users/Evan/Documents/NetBeansProjects/CARS/src/MAIN/BOOK.java</file>
            <file>file:/C:/Users/Evan/Documents/NetBeansProjects/CARS/src/MAIN/NGONG.java</file>
            <file>file:/C:/Users/Evan/Documents/NetBeansProjects/CARS/src/MAIN/RIVER.java</file>
        </group>
    </open-files>
</project-private>
